Collection Name,Item Name,Image,Price,Collection URL,Total Items Count
Burger Flippers,Celebrity Burger Flipper 2180,https://lh3.googleusercontent.com/hGspyNmXBzPZiKCe0Nv0N2L06hp48iqNyuWkv5aKPUrXGcfdeXeRGF7oG_fep6wx9TnuB4za47NsG7MJwo8fvPzlb4K8JHZKE-FV=w286,0.01,https://opensea.io/collection/burgerflippers,17.0K
The Dogs of Wall Street Gen 2,The Dogs of Wall Street Gen 2 #4582,https://lh3.googleusercontent.com/G81IemL2DzXfUw6iIe03CGHDYweV2jG_VRP-cFdXz58G6oq6zFMOY40f3iJp4ULMx8Kt8xB4dXb3r_-ch2GrQPF2K2uVM8AC0_7h=w286,0.109,https://opensea.io/collection/thedogsofwallstreet-gen-2,5.9K
Royal Watches,Royal Watch #916,https://lh3.googleusercontent.com/XqrSvVzmSCgex58H5qxtTi6hhLf25RLBviU4OZ1WOLsrdBCNmEtFqtzBKM3f3qW0jm7hTnBFi99EK46suCKimqN7IQQPKFS-b4_rrQ=w286,0.01,https://opensea.io/collection/royalwatches,4.5K
Loser Ape School Club,Loser Ape #4155,,0.039,https://opensea.io/collection/loserapeschoolclub,22.7K
Pixel Giraffes,Giraffe #8612,https://lh3.googleusercontent.com/6Af-iDnHac-4FgSkYf0b9qxHU9riiqwb6QkjjGW9hOS6VEfKAcrfeKugaaQLqkYOx6NW_vnlr0feDTH8oX6BKHXtCjDFHDaHvc848Q=w286,0.035,https://opensea.io/collection/pixel-giraffes,10.0K
Crypto Heroes on Mars,Crypto Heroe on Mars #91,https://lh3.googleusercontent.com/ihStPCvIyOEQ9W3NZDqDpXUkKg_HnzeCQL_6cbK59reKY7gy6T-_dm2Ndu3DO10K8vH4u_Q6nIxRC3jWzaeaw0q5_XvSznM10ieR2QM=w286,0.03,https://opensea.io/collection/crypto-heroes-on-mars,9.9K
Wandernauts,Bliss Smuggler Reef Brachium,https://lh3.googleusercontent.com/NdU747QjUpHgX7AYRcvZgya3lnJzuWLt6o96oUlQTl1mADoNDi1PiSPQgmvOAeS4JSb65oOnwdCsZ7lBnOolRMGNPXEUIY4fTGCj4Jc=w286,0.09,https://opensea.io/collection/wandernauts,8.1K
SKULLTOONS Gavroche by Theodoru,SKULLTOON 4778,https://lh3.googleusercontent.com/upUOBhzxrVkyBlRvNWmpuSH90ChI3JpIt_eFlX-9oN4MVK10Xl0Wr6C3ccbd-IWBKZP7-vcazebFq1jHtE2oEvAJy1v0RnomdK5HTw=w286,0.1666,https://opensea.io/collection/skulltoonsbytheodoru,7.8K
Walking Beans & PI Gang,Bean #2656,https://lh3.googleusercontent.com/BfFYDchinca8zODYcUJCMVk7SN8IJ2laeQPsxHO6pPDZQ-J-s4uayv6HCZK8l5Ld_aZ24UbnWxti7XEHE_5LrRtrdP1l7uw-rMO3MQ=w286,0.0105,https://opensea.io/collection/walkingbeans-pigang,13.1K
NFTRex,NFTRex #1746,https://lh3.googleusercontent.com/2isr3xPAXZB-G6YX5v5EhZ_vtpUIiYcBI0A3UGxHNeccT7iLiDHZTV3ggRyViyPNRF-GW3vc4UHV8dcNYhqWSJLNcxtCU3HNnlUCdqY=w286,0.019,https://opensea.io/collection/nftrex,4.5K
Crypto Color Collection,#1708fd,https://lh3.googleusercontent.com/gvPsC6pDseIE9vcdt_OgE7WWojDfl1FRCIUW3SLFdJXbBMUGwU7NYo3-Xm9q22zSfsuQtTXg9_UoB_tT7LYuvxSo729uMCo3aexQ=w286,0.0022,https://opensea.io/collection/crypto-color-collection,236.1K
ZED RUN,Marco the Phoenix,https://lh3.googleusercontent.com/NjAwKCX54ptp7uAE92BHczKbj4_moKJ0_CL0T3lvMBUWsVpYfRiI5PmPMlSWDT1VTwQ3XK5emOFhfDXh1Vp-v082BA96F7slmJIR=w286,0.081,https://opensea.io/collection/zed-run-official,169.3K
CU&ART,Calligraphy Art#1976,https://lh3.googleusercontent.com/_BFu1mvSvMYlEVSIVsyaW8taJlaLS_U7OcJ5qY0NnStSFN8mvfzzYsrX4Sv2sl9WqEPFcty7ZLVlF4_mcKCqXvOEn72S39W8OvZH=w286,0.015,https://opensea.io/collection/cultrue-art,11.4K
Soccer Doge Club,Soccer Doge #1994,https://lh3.googleusercontent.com/gqPhzKlc1U44owL20ZUUxn03XjK4vBwkrcizgBZih373X_DD0JItkeBjpQdeC1dAqQzzUQN8G8df0N1CE3z9bbg0U642EBdrpN3A=w286,0.059,https://opensea.io/collection/soccerdogeclub,9.8K
I'm Frank,I'm Frank - Season 1 #6099,https://lh3.googleusercontent.com/j5AVkzx6BYg6OTaPN1UVinOzoRy9IX0GiRSYx8EyFmdYedIaNMZFTQURCDlYF2_qp50b93DDnLabBU7l3oUePMMPsRRV5sGv4BWTjA=w286,0.0555,https://opensea.io/collection/imfrank,10.0K
Crypto Religious Runes,Crypto Runes#2306,,0.011,https://opensea.io/collection/crypto-religious-runes,6.5K
Blessed Grandma Ape Club,Blessed Grandma #13585,https://lh3.googleusercontent.com/1MWeReVGGttGZai2q5nuW8e4JRDRlQO5xS7WEcMzsn1LRT61pyyJQox_Bhp6pTIZK-vNO4mpPfl_m-UQfigBkHLqg8BVd6IGeYuFwA4=w286,0.04,https://opensea.io/collection/coolapessportclub,20.3K
Impostors Genesis Aliens,Impostors Unrevealed 8949,,1.95,https://opensea.io/collection/impostors-genesis-aliens,10.4K
Blessed Grandma Ape Club,Blessed Grandma #11784,https://lh3.googleusercontent.com/03xhHEHSC2rYmWshGkg2maz1wdGwdNqmopgTg4jBN7N0HYpH4dCcNO_oPJhk51fOnkKQItvthf5xHsXCucJ9tyBYUkRlVtzB-1emuw=w286,0.04,https://opensea.io/collection/coolapessportclub,20.3K
Bored Tesla Society,Tesla #5035,,0.015,https://opensea.io/collection/bored-tesla-society,10.0K
MZI CLUB,HOME #8684,https://lh3.googleusercontent.com/-ztXum8unj4A01Jm1wjY6SSaE19dCvJU_KwhlQaVlnGju5psu7OQ_kQJ9khgxD5HLYwAZrrjQR0zoLO61T1UAl0aFeyFiQRYdGMioQ=w286,0.01,https://opensea.io/collection/mziclub,53.3K
Robotic Ape Social Club,Robotic Ape #12964,https://lh3.googleusercontent.com/JhpEBH15-419lHuNWYMnN6LLEo99bczUctXU-SqsvVT-dIZg6XAg4lpcaOvyUozdRpe7-rCBwwsbiroLNiYukhYDEfQW_U3pLyFAIw=w286,0.049,https://opensea.io/collection/roboticapesocialclub,24.5K
Crazy Apes Social Club,CrazyApesClub #7473,https://lh3.googleusercontent.com/IVJRrmLybsjxgHx4HovpSSL6giFhmHhoXD_wJ7FeScMtvYx7MDYJEYZmn8ZrJS8zeBBQBHWTet-A8PNmVbM9B0uMqXwdku5dVmuOzZU=w286,0.029,https://opensea.io/collection/crazyapessocialclub,10.0K
Crypto-Totem,crypto-totem#5034,https://lh3.googleusercontent.com/NcN3UScUiuwoeSVTwzrqNv91WLuD42L8oRYIOT3I4yQEJim6jj5y12b3YkkHQi1fCKHujxKbD6_GzJG_0-v0giFbgwrBAiRTp3x_Sns=w286,0.019,https://opensea.io/collection/crypto-totem-nft,5.6K
Eco-Friendly Ape Club,Ape #5688,https://lh3.googleusercontent.com/QA6APTKQXBsS_JSm0zgUT-wAWlN2BS349NNOhLU4N0GL_86jeJzOCm77bEkXOX6osCq3CJUUtFR-wEKAL7OLwjtI-A89g6VOeJbI8g=w286,0.039,https://opensea.io/collection/ecofriendlyape,15.0K
Funky Flies Official,Funky Fly #4456,https://lh3.googleusercontent.com/t1dM3qvgclJqQO3AIon-dF00NB9awk4daPO2ymV4k2VyqdfcvKfG7BTuzBuDfAzdvhXbPagiEd46Rs0_NMe59i0v8sVHmLJjrR9m=w286,0.03,https://opensea.io/collection/official-funky-flies,7.8K
ENS: Ethereum Name Service,danreecer.eth,https://openseauserdata.com/files/5e5c6befea9cbfdb0ee27d4c4023fb3c.svg,75,https://opensea.io/collection/ens,701.5K
iCats,iCat #1299,https://lh3.googleusercontent.com/ZTOu-u2cvs_c0lq47xfhvO8oyrTP5ljysyPbOYxkVCGBX6kYiL02h_8_j_SF6mgcwezE_sS1JTuTGh_ppV0478cNj0MlnP6HCvBh=w286,0.079,https://opensea.io/collection/i-cats,10.0K
